<?xml version="1.0" encoding="UTF-8"?>
<GenRun Id="impl_1" LaunchPart="xc7a35tcpg236-1" LaunchTime="1574397451">
  <File Type="BITSTR-BMM" Name="board_clock_divider_bd.bmm"/>
  <File Type="OPT-METHODOLOGY-DRC" Name="board_clock_divider_methodology_drc_opted.rpt"/>
  <File Type="INIT-TIMING" Name="board_clock_divider_timing_summary_init.rpt"/>
  <File Type="ROUTE-PWR" Name="board_clock_divider_power_routed.rpt"/>
  <File Type="PA-TCL" Name="board_clock_divider.tcl"/>
  <File Type="OPT-TIMING" Name="board_clock_divider_timing_summary_opted.rpt"/>
  <File Type="OPT-DCP" Name="board_clock_divider_opt.dcp"/>
  <File Type="ROUTE-PWR-SUM" Name="board_clock_divider_power_summary_routed.pb"/>
  <File Type="REPORTS-TCL" Name="board_clock_divider_reports.tcl"/>
  <File Type="OPT-DRC" Name="board_clock_divider_drc_opted.rpt"/>
  <File Type="OPT-HWDEF" Name="board_clock_divider.hwdef"/>
  <File Type="PWROPT-DCP" Name="board_clock_divider_pwropt.dcp"/>
  <File Type="PWROPT-DRC" Name="board_clock_divider_drc_pwropted.rpt"/>
  <File Type="PWROPT-TIMING" Name="board_clock_divider_timing_summary_pwropted.rpt"/>
  <File Type="PLACE-DCP" Name="board_clock_divider_placed.dcp"/>
  <File Type="PLACE-IO" Name="board_clock_divider_io_placed.rpt"/>
  <File Type="PLACE-CLK" Name="board_clock_divider_clock_utilization_placed.rpt"/>
  <File Type="PLACE-UTIL" Name="board_clock_divider_utilization_placed.rpt"/>
  <File Type="PLACE-UTIL-PB" Name="board_clock_divider_utilization_placed.pb"/>
  <File Type="PLACE-CTRL" Name="board_clock_divider_control_sets_placed.rpt"/>
  <File Type="PLACE-SIMILARITY" Name="board_clock_divider_incremental_reuse_placed.rpt"/>
  <File Type="PLACE-PRE-SIMILARITY" Name="board_clock_divider_incremental_reuse_pre_placed.rpt"/>
  <File Type="BG-BGN" Name="board_clock_divider.bgn"/>
  <File Type="PLACE-TIMING" Name="board_clock_divider_timing_summary_placed.rpt"/>
  <File Type="POSTPLACE-PWROPT-DCP" Name="board_clock_divider_postplace_pwropt.dcp"/>
  <File Type="BG-BIN" Name="board_clock_divider.bin"/>
  <File Type="POSTPLACE-PWROPT-TIMING" Name="board_clock_divider_timing_summary_postplace_pwropted.rpt"/>
  <File Type="PHYSOPT-DCP" Name="board_clock_divider_physopt.dcp"/>
  <File Type="PHYSOPT-DRC" Name="board_clock_divider_drc_physopted.rpt"/>
  <File Type="BITSTR-MSK" Name="board_clock_divider.msk"/>
  <File Type="PHYSOPT-TIMING" Name="board_clock_divider_timing_summary_physopted.rpt"/>
  <File Type="ROUTE-ERROR-DCP" Name="board_clock_divider_routed_error.dcp"/>
  <File Type="ROUTE-DCP" Name="board_clock_divider_routed.dcp"/>
  <File Type="ROUTE-BLACKBOX-DCP" Name="board_clock_divider_routed_bb.dcp"/>
  <File Type="ROUTE-DRC" Name="board_clock_divider_drc_routed.rpt"/>
  <File Type="ROUTE-DRC-PB" Name="board_clock_divider_drc_routed.pb"/>
  <File Type="BITSTR-LTX" Name="debug_nets.ltx"/>
  <File Type="BITSTR-LTX" Name="board_clock_divider.ltx"/>
  <File Type="ROUTE-DRC-RPX" Name="board_clock_divider_drc_routed.rpx"/>
  <File Type="BITSTR-MMI" Name="board_clock_divider.mmi"/>
  <File Type="ROUTE-METHODOLOGY-DRC" Name="board_clock_divider_methodology_drc_routed.rpt"/>
  <File Type="ROUTE-METHODOLOGY-DRC-RPX" Name="board_clock_divider_methodology_drc_routed.rpx"/>
  <File Type="BITSTR-SYSDEF" Name="board_clock_divider.sysdef"/>
  <File Type="ROUTE-METHODOLOGY-DRC-PB" Name="board_clock_divider_methodology_drc_routed.pb"/>
  <File Type="ROUTE-PWR-RPX" Name="board_clock_divider_power_routed.rpx"/>
  <File Type="ROUTE-STATUS" Name="board_clock_divider_route_status.rpt"/>
  <File Type="ROUTE-STATUS-PB" Name="board_clock_divider_route_status.pb"/>
  <File Type="ROUTE-TIMINGSUMMARY" Name="board_clock_divider_timing_summary_routed.rpt"/>
  <File Type="ROUTE-TIMING-PB" Name="board_clock_divider_timing_summary_routed.pb"/>
  <File Type="ROUTE-TIMING-RPX" Name="board_clock_divider_timing_summary_routed.rpx"/>
  <File Type="ROUTE-SIMILARITY" Name="board_clock_divider_incremental_reuse_routed.rpt"/>
  <File Type="ROUTE-CLK" Name="board_clock_divider_clock_utilization_routed.rpt"/>
  <File Type="ROUTE-BUS-SKEW" Name="board_clock_divider_bus_skew_routed.rpt"/>
  <File Type="ROUTE-BUS-SKEW-PB" Name="board_clock_divider_bus_skew_routed.pb"/>
  <File Type="ROUTE-BUS-SKEW-RPX" Name="board_clock_divider_bus_skew_routed.rpx"/>
  <File Type="POSTROUTE-PHYSOPT-DCP" Name="board_clock_divider_postroute_physopt.dcp"/>
  <File Type="POSTROUTE-PHYSOPT-BLACKBOX-DCP" Name="board_clock_divider_postroute_physopt_bb.dcp"/>
  <File Type="POSTROUTE-PHYSOPT-TIMING" Name="board_clock_divider_timing_summary_postroute_physopted.rpt"/>
  <File Type="POSTROUTE-PHYSOPT-TIMING-PB" Name="board_clock_divider_timing_summary_postroute_physopted.pb"/>
  <File Type="POSTROUTE-PHYSOPT-TIMING-RPX" Name="board_clock_divider_timing_summary_postroute_physopted.rpx"/>
  <File Type="POSTROUTE-PHYSOPT-BUS-SKEW" Name="board_clock_divider_bus_skew_postroute_physopted.rpt"/>
  <File Type="POSTROUTE-PHYSOPT-BUS-SKEW-PB" Name="board_clock_divider_bus_skew_postroute_physopted.pb"/>
  <File Type="BG-BIT" Name="board_clock_divider.bit"/>
  <File Type="POSTROUTE-PHYSOPT-BUS-SKEW-RPX" Name="board_clock_divider_bus_skew_postroute_physopted.rpx"/>
  <File Type="BITSTR-RBT" Name="board_clock_divider.rbt"/>
  <File Type="BITSTR-NKY" Name="board_clock_divider.nky"/>
  <File Type="BG-DRC" Name="board_clock_divider.drc"/>
  <File Type="RDI-RDI" Name="board_clock_divider.vdi"/>
  <File Type="WBT-USG" Name="usage_statistics_webtalk.html"/>
  <FileSet Name="sources" Type="DesignSrcs" RelSrcDir="$PSRCDIR/sources_1">
    <Filter Type="Srcs"/>
    <File Path="$PSRCDIR/sources_1/new/clock_divider.v">
      <FileInfo>
        <Attr Name="UsedIn" Val="synthesis"/>
        <Attr Name="UsedIn" Val="implementation"/>
        <Attr Name="UsedIn" Val="simulation"/>
      </FileInfo>
    </File>
    <File Path="$PSRCDIR/sources_1/new/board_clock_divider.v">
      <FileInfo>
        <Attr Name="UsedIn" Val="synthesis"/>
        <Attr Name="UsedIn" Val="implementation"/>
        <Attr Name="UsedIn" Val="simulation"/>
      </FileInfo>
    </File>
    <Config>
      <Option Name="DesignMode" Val="RTL"/>
      <Option Name="TopModule" Val="board_clock_divider"/>
      <Option Name="TopAutoSet" Val="TRUE"/>
    </Config>
  </FileSet>
  <FileSet Name="constrs_in" Type="Constrs" RelSrcDir="$PSRCDIR/constrs_1">
    <Filter Type="Constrs"/>
    <File Path="$PSRCDIR/constrs_1/new/basys3.xdc">
      <FileInfo>
        <Attr Name="UsedIn" Val="synthesis"/>
        <Attr Name="UsedIn" Val="implementation"/>
      </FileInfo>
    </File>
    <Config>
      <Option Name="ConstrsType" Val="XDC"/>
    </Config>
  </FileSet>
  <FileSet Name="utils" Type="Utils" RelSrcDir="$PSRCDIR/utils_1">
    <Filter Type="Utils"/>
    <Config>
      <Option Name="TopAutoSet" Val="TRUE"/>
    </Config>
  </FileSet>
  <Strategy Version="1" Minor="2">
    <StratHandle Name="Vivado Implementation Defaults" Flow="Vivado Implementation 2019"/>
    <Step Id="init_design"/>
    <Step Id="opt_design"/>
    <Step Id="power_opt_design"/>
    <Step Id="place_design"/>
    <Step Id="post_place_power_opt_design"/>
    <Step Id="phys_opt_design"/>
    <Step Id="route_design"/>
    <Step Id="post_route_phys_opt_design"/>
    <Step Id="write_bitstream"/>
  </Strategy>
</GenRun>
